Date,Advertising_Spend,Social_Media_Engagement,Economic_Index,Promotion_Events,Customer_Satisfaction,Sales_Revenue
2022-01-01,1000.0,218.5430534813131,81.70877987888579,0,87.79113071141296,122829.5197543424
2022-01-02,1098.196392785571,477.8214378844623,89.46101451672071,0,100.0,160286.80027348336
2022-01-03,1196.3927855711422,379.3972738151323,84.91243983221281,0,100.0,150719.5611753336
2022-01-04,1294.5891783567135,319.3963178886665,77.35596268361184,0,100.0,139588.91911863268
2022-01-05,1392.7855711422847,120.20838819909643,75.82856792582335,0,92.84523634925468,105546.61189551716
2022-01-06,1490.9819639278558,120.1975341512912,82.86039746073895,1,77.4442384204798,109690.22280432525
2022-01-07,1589.1783567134269,76.13762547568976,73.8797958887445,0,84.52167177707035,99940.13249777307
2022-01-08,1687.374749498998,439.7792655987208,89.71841607376075,0,100.0,171596.6986917731
2022-01-09,1785.5711422845693,320.50175528444396,86.53848316873669,0,100.0,152899.26422749
2022-01-10,1883.7675350701402,368.63266000822045,78.37556462524802,0,100.0,144866.98134005285
2022-01-11,1981.9639278557115,59.263022433111104,72.23593056095844,1,67.17457754685367,84409.11294239583
2022-01-12,2080.160320641283,486.45943347289744,87.65112539788117,0,100.0,167287.57808475223
2022-01-13,2178.3567134268537,424.59918836018977,80.3892246214323,0,100.0,161590.08432411146
2022-01-14,2276.5531062124246,145.55259980522428,87.23116572820398,0,100.0,106586.08175464634
2022-01-15,2374.749498997996,131.82123524319528,73.15010619500612,1,95.31408980669643,102546.8983177094
2022-01-16,2472.9458917835673,132.53202943404523,78.20552969485037,1,85.73350962601633,100334.31071614247
2022-01-17,2571.1422845691386,186.90900933179196,81.30878362885144,0,95.50036157651301,116060.43896939125
2022-01-18,2669.3386773547095,286.140394234507,81.59762841972551,0,100.0,143976.55287436134
2022-01-19,2767.5350701402804,244.3752583889521,79.19255841414687,0,100.0,124678.67552803943
2022-01-20,2865.7314629258517,181.05311308911885,84.63729575392186,1,98.31842779563132,119423.95685616581
2022-01-21,2963.927855711423,325.33380262507075,76.26510426591268,0,100.0,118876.43288915265
2022-01-22,3062.124248496994,112.77223729341883,80.97146930836047,0,90.67061559119567,113005.15118388797
2022-01-23,3160.3206412825652,181.46509184084817,82.3650052126677,0,91.0624415149802,123940.41240341209
2022-01-24,3258.5170340681366,214.86282948216126,84.41588154504323,0,86.34913902208785,146424.14578559238
2022-01-25,3356.7134268537075,255.23149289766616,85.48192208583522,0,87.49175252720717,129080.6472380894
2022-01-26,3454.909819639279,403.3291826268561,76.38079755684271,1,100.0,147708.9527766087
2022-01-27,3553.1062124248497,139.85320197126188,74.41359748299523,0,96.65658670724102,106768.1801468542
2022-01-28,3651.302605210421,281.4054972861252,88.55271276680718,0,100.0,155666.32667038674
2022-01-29,3749.4989979959923,316.5865559879191,83.90605903785386,0,95.84674857847058,139814.8346071622
2022-01-30,3847.695390781563,70.90268572399897,78.58221661581443,1,96.04065171316105,101627.07320907156
2022-01-31,3945.8917835671346,323.39518335564725,90.1605694968511,0,100.0,154613.54155628142
2022-02-01,4044.0881763527054,126.73585565928119,83.06334311134405,1,94.14151568578362,114050.03313268158
2022-02-02,4142.284569138277,79.27321684337578,88.46161618084018,0,100.0,106243.97398468696
2022-02-03,4240.480961923848,476.99849176399994,82.98288298821288,0,100.0,167074.75908660557
2022-02-04,4338.677354709419,484.53441488355173,93.02919052621354,0,100.0,187292.36364411758
2022-02-05,4436.87374749499,413.7788066524075,91.58231543466091,0,100.0,154476.16780714892
2022-02-06,4535.070140280561,187.07619612801682,81.64095080069082,0,77.18946559950862,122369.75231206349
2022-02-07,4633.266533066133,93.95245130287273,87.82378661849923,1,82.20371193786308,106498.61249720374
2022-02-08,4731.462925851703,357.9048619304706,86.27297193229447,0,100.0,163737.82482574275
2022-02-09,4829.659318637275,248.06862218282058,89.96941029267175,0,94.93506694677022,124021.98286885029
2022-02-10,4927.855711422846,104.91720568015047,78.38179552275078,0,89.17915089709199,100849.79718061457
2022-02-11,5026.0521042084165,272.8296095500716,86.71683044628477,1,100.0,143978.52088996174
2022-02-12,5124.248496993988,65.47483450184828,88.65885590118181,1,84.29892363210405,126945.94261128742
2022-02-13,5222.444889779559,459.1941809354519,74.65319635545958,0,100.0,155930.93310949637
2022-02-14,5320.6412825651305,166.4509917200076,77.61076154488755,1,98.33164589166803,110328.01824236954
2022-02-15,5418.837675350702,348.1350279592919,73.41105354005721,0,100.0,157989.97261673366
2022-02-16,5517.034068136273,190.26998424023492,82.34034057727621,0,88.12300764959502,110193.28437948968
2022-02-17,5615.230460921844,284.0306095300149,87.3552463491201,1,100.0,122009.85436472611
2022-02-18,5713.426853707415,296.01962570447586,91.3594806512617,1,100.0,154446.13614173495
2022-02-19,5811.623246492986,133.18450498648718,84.29832961352173,0,93.50694672809719,113784.52123420115
2022-02-20,5909.819639278558,486.31308249405134,92.1510937599206,0,100.0,169660.27706091755
2022-02-21,6008.016032064129,398.80977051250153,77.18766906163094,0,100.0,159112.73919166002
2022-02-22,6106.212424849699,472.7745237038851,75.65142447657091,1,100.0,164271.1412319899
2022-02-23,6204.408817635271,452.67230769244196,83.97075849950488,0,100.0,161741.84039009208
2022-02-24,6302.605210420842,319.0549904649883,86.24898455932579,0,100.0,137060.7021684172
2022-02-25,6400.801603206413,464.84340576040256,84.24534389480007,0,100.0,178698.43204967797
2022-02-26,6498.997995991985,89.82162592336377,74.15176745571245,0,77.54490051912975,110374.51811378358
2022-02-27,6597.194388777555,138.19228808861533,84.12353807898916,0,94.90482586662677,120353.60862643151
2022-02-28,6695.390781563126,70.35228000974213,78.12695109467012,1,86.70292809452961,123884.64001051591
2022-03-01,6793.587174348698,196.39864884346895,88.07782166198587,0,97.55869631162149,123820.73926111643
2022-03-02,6891.783567134269,224.9047803602669,86.6426104689612,0,100.0,122352.53473158952
2022-03-03,6989.97995991984,172.10706429825316,80.19038062748146,0,78.39221597484894,116562.3094732066
2022-03-04,7088.176352705411,422.9318791183682,82.40060529307605,1,100.0,163104.96787903982
2022-03-05,7186.372745490982,210.53899701211517,79.75403259095604,0,100.0,131734.20849972768
2022-03-06,7284.5691382765535,176.42052935932134,84.81686503467623,0,99.24061685590613,127079.00670570252
2022-03-07,7382.765531062125,294.21323742121183,89.98613244418956,1,99.1445723328616,156095.58585016962
2022-03-08,7480.961923847696,113.41590123864319,80.36195093064694,1,100.0,103561.34668415821
2022-03-09,7579.158316633267,410.98864133931784,87.89097406055515,1,100.0,182924.8120937686
2022-03-10,7677.354709418838,83.54778965589688,82.79961371174501,1,98.04935097085706,113703.65714975096
2022-03-11,7775.551102204409,494.0991214702328,81.56669796293677,0,100.0,186293.40225486402
2022-03-12,7873.747494989981,397.51014618349586,85.07607064511699,1,100.0,167814.21477389336
2022-03-13,7971.943887775552,139.4220566903776,80.5151711534342,0,100.0,125925.87156796755
2022-03-14,8070.140280561122,52.48495270562108,83.00329655943644,1,73.3121269529973,116749.06296900444
2022-03-15,8168.336673346694,416.95764280467534,79.86231394386938,1,100.0,167303.88764811057
2022-03-16,8266.533066132266,368.0858047314277,95.75548939203685,1,100.0,178061.9203657571
2022-03-17,8364.729458917836,378.0532256184443,86.18834180795484,0,100.0,177099.6745993404
2022-03-18,8462.925851703407,397.0716560086756,82.59355682877455,0,100.0,165276.83155634912
2022-03-19,8561.122244488979,83.32009328034067,87.24224424304987,0,85.83154418204454,128233.10142220854
2022-03-20,8659.31863727455,211.30957784492267,85.69086476156589,1,100.0,138138.2410886184
2022-03-21,8757.51503006012,102.14107678630837,85.22781733299522,1,92.81732606634304,136843.9385805865
2022-03-22,8855.711422845692,438.3965416440171,89.48365915151972,0,100.0,170618.4959346438
2022-03-23,8953.907815631264,330.48415707240105,90.2805245221804,0,100.0,180247.32195122688
2022-03-24,9052.104208416833,198.90411118369212,83.92064055453253,0,100.0,135984.938246685
2022-03-25,9150.300601202405,78.60125762871064,83.77421541000305,1,70.37480603048925,104132.40453613517
2022-03-26,9248.496993987976,189.94204477204798,85.35820844810951,1,100.0,138251.80179799453
2022-03-27,9346.693386773548,196.33249491203617,75.30402143083109,0,83.00832961084687,121310.11255982157
2022-03-28,9444.889779559118,378.32278025212884,79.31783226415754,0,100.0,168084.90924076195
2022-03-29,9543.08617234469,336.9008621098459,93.8083192330142,1,100.0,161674.9241873289
2022-03-30,9641.282565130261,449.24573415934697,95.27894678393929,1,100.0,182307.1789885192
2022-03-31,9739.478957915831,262.4967163228772,85.88908833929226,0,100.0,130716.88587305811
2022-04-01,9837.675350701404,103.81741067223577,90.09721367299426,0,79.32469438236421,125740.95045809237
2022-04-02,9935.871743486974,370.9601542503477,88.85083995107439,0,100.0,145095.74918105442
2022-04-03,10034.068136272546,392.35327187760385,102.76915354127419,0,100.0,170868.2864287389
2022-04-04,10132.264529058117,302.5747389062733,93.05278437681217,0,100.0,171373.8030968414
2022-04-05,10230.460921843687,396.93523097955244,86.89548218287673,0,100.0,179869.92072092716
2022-04-06,10328.65731462926,272.20801836397584,82.83752825791973,1,100.0,153744.9499169389
2022-04-07,10426.85370741483,285.2297732218973,79.66315918027526,0,100.0,138844.99800080477
2022-04-08,10525.050100200402,242.39345826134732,88.79286928154052,1,100.0,150987.39970982383
2022-04-09,10623.246492985973,61.43860703484283,84.07395769642417,0,69.30947878127478,119811.83959320985
2022-04-10,10721.442885771543,98.551142146987,80.8246031954986,0,81.79641354973681,110827.23484005008
2022-04-11,10819.639278557115,64.14313355903042,84.78316764291561,0,96.06282968687762,136487.71889083448
2022-04-12,10917.835671342686,336.3846850687012,82.68845236669756,0,100.0,169214.36721111616
2022-04-13,11016.032064128258,191.460191484347,96.61206088077364,1,86.80253042963548,150661.5280254497
2022-04-14,11114.228456913828,278.85681102411627,92.66471181079936,1,100.0,162547.66299664666
2022-04-15,11212.424849699399,458.40491326674186,88.2968101401103,0,100.0,187172.4373338456
2022-04-16,11310.621242484971,162.18150311699372,95.8165543617848,0,99.01976189989544,128002.9842513034
2022-04-17,11408.817635270541,234.6723153660334,88.88383552621404,1,95.37119633738688,150134.9530940894
2022-04-18,11507.014028056114,389.9980123443719,84.27073330197592,0,100.0,164718.127743794
2022-04-19,11605.210420841684,152.9591744712301,96.2729350156068,0,90.55752397641386,138213.63713944636
2022-04-20,11703.406813627254,84.64095942295685,91.43202516832308,1,88.3195732335129,130575.68318697519
2022-04-21,11801.603206412827,180.38815381119562,83.6314044989088,0,100.0,158170.50085511542
2022-04-22,11899.799599198397,122.54957926430198,87.94610220076432,0,92.31918062453957,142486.46670107573
2022-04-23,11997.99599198397,468.36394355415786,84.59986464489985,0,100.0,179137.6562601555
2022-04-24,12096.19238476954,413.65417080398765,82.14411757764324,1,100.0,180158.55197372683
2022-04-25,12194.38877755511,335.03169042969057,93.76916429076442,0,100.0,188503.44416496583
2022-04-26,12292.585170340682,442.15726558447295,98.76552007609814,0,100.0,205066.90966874847
2022-04-27,12390.781563126253,411.6524346046015,82.30575932529307,1,100.0,175626.88212300066
2022-04-28,12488.977955911825,133.95652649871613,92.19360369848292,0,100.0,137040.15978601415
2022-04-29,12587.174348697396,451.65154932049,86.2057049900622,1,100.0,192403.6063960151
2022-04-30,12685.370741482966,292.7040088620428,87.10345123748914,0,100.0,166657.33327472047
2022-05-01,12783.567134268538,413.34806982382815,86.65726885575957,1,100.0,189570.32936528247
2022-05-02,12881.763527054109,453.24108496557193,85.37944494919611,0,100.0,191921.73452848688
2022-05-03,12979.95991983968,193.10156373733875,90.02216725796062,0,100.0,161932.82877135396
2022-05-04,13078.156312625251,99.52336603745454,85.70496885682257,0,93.6487585257264,127976.5124283982
2022-05-05,13176.352705410822,152.57082314387375,91.29216388841824,0,94.18406087434509,160292.6097798696
2022-05-06,13274.549098196394,242.19850488181535,89.76884953291464,1,100.0,161260.99405760193
2022-05-07,13372.745490981964,418.1066446651219,88.90546016646955,1,100.0,205805.92931994543
2022-05-08,13470.941883767537,437.32876246535454,85.64254241123488,0,100.0,178027.33330956122
2022-05-09,13569.138276553107,53.128458739035814,87.3766643892425,0,73.37359580991303,146628.41692313313
2022-05-10,13667.334669338677,279.8362861599046,94.11763749185423,1,100.0,172240.5249238131
2022-05-11,13765.53106212425,237.83495141695056,92.92542762148864,1,100.0,156500.31795319737
2022-05-12,13863.72745490982,149.9485147118286,85.61322578001526,0,100.0,137925.96328352086
2022-05-13,13961.923847695392,103.93941530015726,91.07782385179543,0,96.7744525444233,138370.0726841143
2022-05-14,14060.120240480963,201.9268271316326,94.41825826214952,0,100.0,164099.242397116
2022-05-15,14158.316633266533,474.3093667606336,82.39445656032501,0,100.0,194165.0080379414
2022-05-16,14256.513026052105,195.44131940933985,93.53844424847283,0,94.11739394359378,152758.9246856183
2022-05-17,14354.709418837676,283.45577978451473,87.5886848124852,0,100.0,165750.27940464675
2022-05-18,14452.905811623248,366.35853150283003,93.83495727082152,0,100.0,206343.70511142278
2022-05-19,14551.102204408819,213.63332107068229,87.24582846578441,1,99.68189392122034,172944.01383841594
2022-05-20,14649.298597194389,487.3019372244323,82.11787406581567,0,100.0,196199.6478392068
2022-05-21,14747.494989979961,483.1012827239501,83.08473270036374,0,100.0,192798.69736558816
2022-05-22,14845.691382765532,163.30203312141387,91.54302994372775,0,100.0,154352.87663603626
2022-05-23,14943.887775551104,273.7618276515734,92.68137803966953,0,96.64875250775927,177240.55135358745
2022-05-24,15042.084168336674,185.39523941754635,86.94134272618136,0,100.0,142127.91340767095
2022-05-25,15140.280561122245,178.17822246986043,94.73604846623155,0,100.0,156739.7178652828
2022-05-26,15238.476953907817,66.59912630953976,83.31564618164117,0,77.46606671508975,114715.86677406578
2022-05-27,15336.673346693387,324.3039502909536,91.37300782039067,0,87.12751980163208,182352.51495682
2022-05-28,15434.86973947896,276.2055604529877,85.72848613545625,0,100.0,172218.4539491292
2022-05-29,15533.06613226453,73.16543806249521,88.60454691589902,0,98.32614015623524,133580.1633329409
2022-05-30,15631.2625250501,175.39090890647515,92.18088113213318,1,100.0,173307.54141363004
2022-05-31,15729.458917835673,458.7196486849942,87.72198126977263,0,100.0,183595.91923708754
2022-06-01,15827.655310621243,157.8028508001376,90.18143069568454,1,100.0,138777.24779016007
2022-06-02,15925.851703406815,115.20269244105039,97.21583278354716,0,86.8671646763045,156555.38409382146
2022-06-03,16024.048096192386,270.2537421249034,89.38006971050049,0,100.0,180449.2342958385
2022-06-04,16122.244488977956,493.5427043497703,96.52314993908323,0,100.0,227699.44372857234
2022-06-05,16220.440881763529,158.92487218017519,86.7763154261107,0,80.86278393406599,146577.3058288564
2022-06-06,16318.637274549099,352.4609963326453,95.1540309096165,1,100.0,199606.581880199
2022-06-07,16416.83366733467,392.7288268979229,99.79301344397086,1,100.0,199359.33695198892
2022-06-08,16515.03006012024,156.93689479657985,80.3071081606862,1,100.0,143408.9445310656
2022-06-09,16613.226452905812,377.6973568753368,88.76101470461154,0,100.0,195785.28374304334
2022-06-10,16711.422845691384,215.50240972366396,95.71101193850791,0,100.0,176338.15929542016
2022-06-11,16809.619238476953,334.53762376711074,91.89058469303153,0,100.0,168331.35478444802
2022-06-12,16907.81563126253,335.08836984240264,94.84170131074433,0,100.0,202139.89936252
2022-06-13,17006.012024048097,291.0986078336413,90.04620633094996,0,100.0,190026.94110759094
2022-06-14,17104.208416833666,90.63039652448373,93.57924152253484,0,95.27875855100888,143678.69502819626
2022-06-15,17202.404809619242,425.88612301515707,92.44806672885123,0,100.0,203295.03253954698
2022-06-16,17300.60120240481,194.35102923728113,99.14552353475194,0,100.0,176489.98278918353
2022-06-17,17398.797595190383,133.9333296799344,94.65887776360026,1,93.10070483114366,160852.60886180543
2022-06-18,17496.99398797595,68.34881369964376,95.15494717811147,1,98.09538387768606,143646.7026645437
2022-06-19,17595.190380761524,315.90182443470883,91.48770935776442,1,100.0,176144.72529549402
2022-06-20,17693.386773547096,354.9039628290271,91.18922338865556,0,97.7600716008339,188402.74403696292
2022-06-21,17791.583166332668,57.46452301753527,91.54462389056121,0,98.36566730889344,156370.55045161681
2022-06-22,17889.779559118237,280.44187623467644,95.75983586219208,0,98.98686461484147,187986.56774113345
2022-06-23,17987.97595190381,151.92309883907208,91.76281306684056,1,88.65464649741901,155815.07445159982
2022-06-24,18086.17234468938,340.32775568425245,95.39677007606522,0,100.0,199378.35139691
2022-06-25,18184.36873747495,128.46489305224617,104.40506010545164,0,100.0,140650.2897006752
2022-06-26,18282.565130260522,360.92198214610966,98.4638399500242,1,94.735456074824,209796.207101313
2022-06-27,18380.761523046094,224.03090583524184,92.55825909266781,0,100.0,154717.66098778832
2022-06-28,18478.957915831663,471.52849493153053,100.27460668496802,0,100.0,213576.86630024546
2022-06-29,18577.154308617235,111.88442486569696,92.30832052968182,0,93.42083162786129,144337.17108481802
2022-06-30,18675.350701402807,203.47985797261632,84.23823503954159,0,99.79904579109876,148501.775731732
2022-07-01,18773.54709418838,101.06308455826507,89.46858648148513,0,92.96184920440308,163170.18477448105
2022-07-02,18871.743486973948,466.1121282253533,85.23521875158416,0,100.0,197654.3846897031
2022-07-03,18969.93987975952,444.80270902144144,92.91177125714817,0,100.0,210522.06612707034
2022-07-04,19068.136272545093,166.07373247182002,94.84159089394375,0,100.0,166953.78565728763
2022-07-05,19166.33266533066,346.99282071538056,103.21184588001368,1,100.0,207947.00892287862
2022-07-06,19264.529058116234,417.7499900905471,96.54445650809937,0,100.0,208136.49657757458
2022-07-07,19362.725450901806,299.84036521975804,93.89447731587552,0,100.0,174447.42348420803
2022-07-08,19460.921843687374,288.3427602602029,99.21716818647856,0,100.0,201083.55502919882
2022-07-09,19559.118236472947,158.83353090520325,84.09462405616298,1,100.0,151879.88345151272
2022-07-10,19657.31462925852,91.89624551265464,96.40853371238651,0,95.12519177407408,143770.4381258335
2022-07-11,19755.51102204409,453.747091078997,99.16494721191981,0,95.9708227612569,212334.63681922044
2022-07-12,19853.70741482966,455.18812572349873,87.99785033422705,1,100.0,220917.93563616913
2022-07-13,19951.903807615232,334.8956557729706,101.18971209980218,1,100.0,209806.0374059208
2022-07-14,20050.100200400804,202.5634059719153,97.2435842418809,0,100.0,174266.8242945916
2022-07-15,20148.296593186373,207.1443085756974,93.5548229555461,1,96.82924632668087,171504.63368168238
2022-07-16,20246.492985971945,376.68005549160773,98.87533217622281,0,100.0,202777.22245272002
2022-07-17,20344.689378757517,453.6996169786597,107.14504745535464,0,100.0,246829.19328465583
2022-07-18,20442.885771543086,449.18889091930276,96.78107476226641,0,100.0,219085.97735133508
2022-07-19,20541.082164328658,400.9439956359307,97.19300673911691,0,100.0,212987.72796723887
2022-07-20,20639.27855711423,338.9142407694295,93.73525963055529,1,100.0,206473.42667907372
2022-07-21,20737.474949899803,87.86298424777198,91.86300260157384,0,74.9901167768879,159274.02920375427
2022-07-22,20835.67134268537,122.73292134257619,100.3440638522603,0,86.00611988835797,168252.75895215312
2022-07-23,20933.867735470943,454.34938483718565,91.99212596063602,1,100.0,210515.70453404143
2022-07-24,21032.064128256516,322.89307684681546,96.7105365969186,1,100.0,197008.64585044156
2022-07-25,21130.260521042084,54.13867322748334,94.04457849763735,0,90.54472152372126,154618.80841926663
2022-07-26,21228.456913827657,95.66219428971445,98.90792518083617,0,96.81717729745142,173604.6920452323
2022-07-27,21326.65330661323,348.5757960986251,98.26149689918023,0,100.0,204383.95843858007
2022-07-28,21424.849699398797,52.277712730798406,101.86104641467627,1,78.81295532085032,170591.22834494882
2022-07-29,21523.04609218437,122.3636231378744,94.20342501975432,0,96.55558776052685,165558.41791981057
2022-07-30,21621.242484969942,296.93020521496373,95.48429265820249,1,100.0,194863.28155603283
2022-07-31,21719.438877755514,361.35283896171194,92.02000907639909,0,100.0,180539.52526972358
2022-08-01,21817.635270541083,343.3825667761702,94.77252167557135,0,100.0,209987.2716153744
2022-08-02,21915.831663326655,150.9211892572519,98.96065076181745,0,100.0,179853.2930677018
2022-08-03,22014.028056112227,370.4806496063911,100.93925170046123,0,100.0,221526.520380297
2022-08-04,22112.224448897796,156.76208937356003,92.62364231698761,0,100.0,142455.96306332923
2022-08-05,22210.420841683368,196.4298641716705,101.66265885904534,1,99.37777382467645,207536.93763681158
2022-08-06,22308.61723446894,385.9211323031109,104.17297887318307,0,100.0,216436.79552327032
2022-08-07,22406.81362725451,342.3348045712466,99.5421244159181,0,100.0,217991.20733711653
2022-08-08,22505.01002004008,432.1505347223801,106.93908928323121,1,100.0,217625.13527043312
2022-08-09,22603.206412825653,345.9258015351545,93.7663245455643,0,100.0,208290.9498585273
2022-08-10,22701.402805611226,305.7388715009622,91.49215734516636,1,100.0,183572.3394526022
2022-08-11,22799.599198396794,92.15364552264161,88.90198993784334,0,81.29116534226455,153486.34515527354
2022-08-12,22897.795591182366,215.4721113767451,105.35597306045193,0,98.46759584128411,214061.59228358747
2022-08-13,22995.99198396794,169.34106545677645,101.22774010541758,0,77.99795987613979,182212.05587622043
2022-08-14,23094.188376753507,159.79533952058762,97.7581487897363,0,98.11247102578814,181637.24939150544
2022-08-15,23192.38476953908,487.85474963860054,99.51607559652895,1,100.0,239375.9272730543
2022-08-16,23290.58116232465,226.89397610004218,92.56894754907925,0,94.51851129932231,189786.31574962326
2022-08-17,23388.77755511022,451.420949829701,110.50531300429655,0,100.0,238194.58841796304
2022-08-18,23486.973947895793,334.0123816987683,99.00281933672984,0,100.0,211471.72148594682
2022-08-19,23585.170340681365,407.66508659374176,98.98384772051945,0,100.0,243130.69241366687
2022-08-20,23683.366733466937,276.18669189733646,102.14586718762973,1,99.9914214040715,202206.09983556168
2022-08-21,23781.563126252506,309.6067480818616,101.00224054746111,0,100.0,208908.1510425213
2022-08-22,23879.759519038078,271.63296221848873,99.7967748308145,0,97.76426521076021,210747.66192125913
2022-08-23,23977.95591182365,137.85934450912004,94.80514275283356,1,100.0,186484.1935383405
2022-08-24,24076.15230460922,375.1034518676774,101.19501713638138,0,100.0,229521.21873365986
2022-08-25,24174.34869739479,176.3475630983851,108.32795815371786,1,94.9896078967324,201603.26658225444
2022-08-26,24272.545090180363,60.942184894154224,105.72509622275886,0,66.05559484534788,164117.73755502806
2022-08-27,24370.741482965932,340.46253315822554,107.04408944582224,0,100.0,235374.63844998187
2022-08-28,24468.937875751504,129.699805733172,96.6022382511106,0,80.57739662478248,165766.09987027833
2022-08-29,24567.134268537076,473.20636295881144,94.29045285261492,1,100.0,229715.59762016966
2022-08-30,24665.33066132265,479.2678596511643,98.68970267405086,1,100.0,224700.44977483855
2022-08-31,24763.527054108217,461.68897559920185,99.67742215663387,0,100.0,230198.20266585477
2022-09-01,24861.72344689379,216.57141511494999,104.94991550818641,0,88.56893752030388,202877.5604956982
2022-09-02,24959.91983967936,56.95547743799034,91.09679508789884,0,55.50042618559078,165253.48845729855
2022-09-03,25058.11623246493,467.74335316447645,107.2870301544173,0,100.0,244313.03125260395
2022-09-04,25156.312625250503,242.68286674279145,98.92939938486056,0,100.0,214359.72364999203
2022-09-05,25254.509018036075,484.9946685696513,97.6651938486597,1,100.0,238086.00969433738
2022-09-06,25352.705410821643,483.6289896901638,94.81923764273724,0,100.0,228303.78327040942
2022-09-07,25450.901803607216,433.854254960312,91.68563648035051,0,100.0,230031.9009162989
2022-09-08,25549.098196392788,182.50200143131357,104.15593308013021,0,100.0,207298.68367505562
2022-09-09,25647.29458917836,223.29397787086637,100.48683031690395,0,92.59393579004195,185823.08531910987
2022-09-10,25745.49098196393,433.0115021825856,93.75059630289795,0,100.0,229040.04978369418
2022-09-11,25843.6873747495,192.61490232032494,93.80516726192641,0,100.0,194318.34846995788
2022-09-12,25941.883767535073,126.27173600874161,98.68179794643514,1,100.0,179501.63273298414
2022-09-13,26040.080160320642,300.56056810625756,108.785989389974,0,100.0,232727.34313983045
2022-09-14,26138.276553106214,471.2696483723514,99.2230853273503,0,100.0,233758.66809564325
2022-09-15,26236.472945891786,363.21340850373787,93.08548763921908,0,100.0,214414.44581422463
2022-09-16,26334.669338677355,306.52752654021424,99.45264740502117,1,100.0,209537.731489908
2022-09-17,26432.865731462927,93.72942219684583,99.39790519735382,1,71.68218317079341,179695.27333135268
2022-09-18,26531.0621242485,326.75325201462636,87.3572501520256,0,100.0,191735.1423958888
2022-09-19,26629.258517034068,495.5242325469185,100.65036935478568,1,100.0,227151.6417034657
2022-09-20,26727.45490981964,113.03780685643582,99.84733135697265,0,86.06289670629766,199566.69029223683
2022-09-21,26825.651302605213,283.24834356368154,104.5631961527244,0,100.0,205644.9624606064
2022-09-22,26923.847695390785,444.81788236757995,110.40710512402532,0,100.0,234525.4832230762
2022-09-23,27022.044088176353,383.345877989392,106.87531011767867,0,100.0,210398.40090049122
2022-09-24,27120.240480961926,363.6570834478706,99.978201837807,0,100.0,215937.7480804974
2022-09-25,27218.436873747498,366.11783779419915,95.8701760675141,1,100.0,205603.0459869377
2022-09-26,27316.633266533066,211.77101804888983,114.34976494811303,1,97.89815463975981,230827.1524231429
2022-09-27,27414.82965931864,182.116329919022,101.85921842257746,0,99.763539830492,207811.9129521537
2022-09-28,27513.02605210421,414.2125199653311,101.71293303271104,0,100.0,225745.87270599397
2022-09-29,27611.22244488978,414.55102760563136,101.60282145823757,0,100.0,255337.8897647498
2022-09-30,27709.418837675352,440.18254336104667,102.79403101826814,0,100.0,247912.61448652946
2022-10-01,27807.615230460924,460.9582486504121,101.16196547545042,0,100.0,236576.42701407833
2022-10-02,27905.811623246496,280.10407948742204,99.09561782131024,0,94.55169871401004,185881.70165380405
2022-10-03,28004.008016032065,275.68233260923984,99.30979347015074,0,99.37565466370901,233581.58912752426
2022-10-04,28102.204408817637,409.23283053504883,101.960482145914,1,100.0,219705.19308057948
2022-10-05,28200.40080160321,342.4837688499943,99.48728496196644,0,100.0,204906.8648239047
2022-10-06,28298.597194388778,365.8850947659665,98.72034022489073,0,100.0,234575.30174585409
2022-10-07,28396.79358717435,408.10670124624545,102.89688059737732,1,100.0,259502.39381564272
2022-10-08,28494.989979959922,450.50240381790485,101.17000369245484,0,100.0,253825.56740014558
2022-10-09,28593.18637274549,202.09782058319112,110.04501504311385,0,98.83606417432516,217481.74526297985
2022-10-10,28691.382765531063,219.01232868797482,89.35036137887663,0,100.0,199878.21101255334
2022-10-11,28789.579158316636,92.29187292839106,108.14290500109527,0,88.19696976351413,202494.7894239486
2022-10-12,28887.775551102208,310.2260634482783,108.99595702461238,1,100.0,235338.5913174773
2022-10-13,28985.971943887776,66.17402320853394,92.47874022072477,0,80.78981574473757,177681.68780141807
2022-10-14,29084.16833667335,259.5191081596071,101.21241373300506,0,81.56373923319642,213892.71183814824
2022-10-15,29182.36472945892,294.1900856184095,101.14880769406913,1,100.0,217607.3010814826
2022-10-16,29280.56112224449,178.94356345772798,96.04861387110027,1,100.0,188551.90530670393
2022-10-17,29378.75751503006,315.87496725605484,99.27724922737627,1,100.0,217298.63733469194
2022-10-18,29476.953907815634,63.72511247257224,97.6936137586428,0,96.02648609316893,164015.19725711388
2022-10-19,29575.150300601203,66.80668493714649,112.08800552373134,0,99.04197571177683,195063.4877478588
2022-10-20,29673.346693386775,420.17025229684623,108.08520559299181,1,100.0,235408.1990994765
2022-10-21,29771.543086172347,212.0857886350683,109.84474942286658,1,100.0,205050.5822614
2022-10-22,29869.73947895792,107.17723069334815,107.17549458875325,0,84.54120411499132,199725.36940168508
2022-10-23,29967.935871743488,285.00946702466194,98.00203573309221,0,100.0,229593.3183295962
2022-10-24,30066.13226452906,396.49709889437486,101.10485357842077,0,100.0,244927.91513392277
2022-10-25,30164.328657314632,147.11946237357944,106.25448803660052,1,100.0,188028.22299969225
2022-10-26,30262.5250501002,330.3007141185501,97.77713650664248,0,100.0,213082.2748839721
2022-10-27,30360.721442885773,88.4063592471956,107.53292802260543,0,84.33874327620545,206103.39739678134
2022-10-28,30458.917835671346,73.25677452587347,102.8464692015941,0,87.33095704115331,180157.4060342704
2022-10-29,30557.114228456914,289.1095842056666,102.25415247527808,0,100.0,219767.0441773001
2022-10-30,30655.310621242486,293.2858047245479,107.76321667468478,1,94.89003231111937,233894.8849267187
2022-10-31,30753.50701402806,336.84345567419297,106.50989371173881,0,90.72253603604692,224236.73504930155
2022-11-01,30851.70340681363,376.7411001751977,102.5639066458545,1,100.0,237258.08525062783
2022-11-02,30949.8997995992,489.1334357581406,110.24554681241241,1,100.0,247650.0567259495
2022-11-03,31048.09619238477,282.3351567355379,99.12374147823297,0,100.0,213080.57903001344
2022-11-04,31146.292585170344,195.3304128235607,107.68889647159506,0,98.05523809418135,218052.0091994804
2022-11-05,31244.488977955913,407.83378764591663,107.65488504735694,0,100.0,231011.23830381752
2022-11-06,31342.685370741485,171.87451306793338,103.22180688158636,1,100.0,211764.4446482341
2022-11-07,31440.881763527057,247.53713931753626,106.48036451000819,0,100.0,222016.76182718945
2022-11-08,31539.078156312626,85.30537160401968,98.67429183751237,0,91.53528075651025,195842.69251306835
2022-11-09,31637.274549098198,61.40783453695588,109.63015513611467,1,92.36285489412961,200173.65803005017
2022-11-10,31735.47094188377,483.1917866050663,104.16566967850649,0,100.0,269624.5193237143
2022-11-11,31833.667334669342,426.1910542304926,102.55672557876753,1,100.0,247321.79707649385
2022-11-12,31931.86372745491,363.18839274216407,110.49554713118845,0,100.0,240509.4099498978
2022-11-13,32030.060120240483,234.02882498642145,101.80894286993149,0,100.0,218211.39194881875
2022-11-14,32128.256513026055,127.9824440318806,98.36851516146876,0,82.07967207278651,203319.50333917988
2022-11-15,32226.452905811624,120.39666920198871,97.70783609630833,1,76.50207926003823,196822.06944439275
2022-11-16,32324.649298597196,162.60930417406792,108.60119204129734,0,100.0,214210.12782593933
2022-11-17,32422.84569138277,297.1519991177542,99.24915584272901,1,100.0,217859.15306078154
2022-11-18,32521.042084168337,371.56816521502805,114.50543383577353,1,100.0,244914.2546529391
2022-11-19,32619.23847695391,347.08881952297907,95.40197620707437,0,100.0,214987.34260990907
2022-11-20,32717.43486973948,175.97025362567427,114.37406540858446,1,100.0,240058.95805865372
2022-11-21,32815.63126252506,479.68937629843737,107.02703122378864,0,100.0,248580.88347095402
2022-11-22,32913.827655310626,382.05361251309586,105.56853864906488,0,100.0,238232.09768634677
2022-11-23,33012.024048096195,299.4593236301303,103.40766909501338,0,100.0,223672.55510408146
2022-11-24,33110.22044088176,325.2743358054585,108.20810542145976,1,100.0,248724.05066392737
2022-11-25,33208.41683366733,238.82002809250545,106.10441165821645,0,100.0,221998.96117334033
2022-11-26,33306.61322645291,161.47894527552086,111.88925490106458,0,100.0,231855.0504852623
2022-11-27,33404.809619238484,210.18770539306772,107.02404405493346,0,95.57763051816485,215329.31766955115
2022-11-28,33503.00601202405,391.0307497089661,107.28457493957391,0,100.0,252486.644048217
2022-11-29,33601.20240480962,56.47706988339014,104.79516539183653,0,86.05689874229623,188916.26135377155
2022-11-30,33699.39879759519,102.23268822811231,106.40865865494175,1,80.20139426499651,227443.55016088043
2022-12-01,33797.595190380765,70.70118890978874,108.31255593864867,1,94.47836234518013,191535.73806077376
2022-12-02,33895.791583166334,68.32796104353656,98.30286545154652,0,81.70066043963782,196389.74566826312
2022-12-03,33993.9879759519,434.95726280495325,100.19294062494238,1,100.0,256759.26879488613
2022-12-04,34092.18436873748,366.64603672101066,110.7303485262258,0,100.0,255095.70593073606
2022-12-05,34190.38076152305,263.37822308929634,107.94851556739322,1,80.71448572097653,231078.3243458182
2022-12-06,34288.57715430862,94.02537229295066,106.2544320156314,0,87.49225960329338,204781.47374801128
2022-12-07,34386.77354709419,271.2271438025746,107.34667868336304,0,100.0,234435.7988412758
2022-12-08,34484.96993987976,263.0622968512546,109.07257786548571,0,100.0,233274.32722658842
2022-12-09,34583.166332665336,127.94084145950683,104.71603125777182,1,92.60148034860673,220003.86447631026
2022-12-10,34681.362725450905,245.23324215708786,103.60346635294835,0,100.0,249197.0895060523
2022-12-11,34779.55911823647,229.32713047881805,108.5543765760896,0,100.0,224327.42609342514
2022-12-12,34877.75551102205,327.1325441234974,102.76344673316731,0,100.0,225329.68733345627
2022-12-13,34975.95190380762,335.7921428904397,109.77673472045612,0,100.0,246702.61543002859
2022-12-14,35074.14829659319,70.38680439742004,99.30271324133584,0,98.18189738643073,223343.19801897497
2022-12-15,35172.34468937876,218.57567658191203,113.04156976979455,1,100.0,225722.03730083094
2022-12-16,35270.54108216433,331.63696207140634,110.33893931587282,1,100.0,264652.00438643526
2022-12-17,35368.7374749499,276.41131636103944,109.33626089601827,0,100.0,255996.81017831335
2022-12-18,35466.933867735475,435.42042853474504,113.04972746481775,1,100.0,261494.24399728823
2022-12-19,35565.130260521044,346.41213422852525,116.54380508804435,0,100.0,263108.2816654785
2022-12-20,35663.32665330661,123.32049218664336,113.3684435114634,1,98.25019055607812,237308.80020401182
2022-12-21,35761.52304609219,81.75593633019344,99.1723823503558,1,84.63518652360911,197048.30300524042
2022-12-22,35859.71943887776,339.088675192842,102.05902899397681,0,100.0,240535.8252690739
2022-12-23,35957.915831663326,61.930089743729816,105.4129812598182,1,87.21157192699286,198780.47516104954
2022-12-24,36056.1122244489,313.5990115730585,108.74768971999205,0,100.0,235780.25471014442
2022-12-25,36154.30861723447,473.1036086412309,111.28568989192478,0,100.0,266144.2272805355
2022-12-26,36252.505010020046,308.96338004414554,105.14883604445312,1,96.22108534689016,229885.20290850248
2022-12-27,36350.701402805615,224.67646679293486,109.79154925324713,0,100.0,234710.60746179364
2022-12-28,36448.89779559118,339.47969829905895,105.16096108973639,0,100.0,239505.42801298675
2022-12-29,36547.09418837676,256.21380072118245,105.96044705718454,0,100.0,238098.1117542113
2022-12-30,36645.29058116233,295.5275551921707,102.06489090854446,1,100.0,222448.29417823962
2022-12-31,36743.486973947896,473.65916394943633,104.56219048287232,0,100.0,270778.58483230206
2023-01-01,36841.68336673347,223.74618701034842,102.50009400598647,0,100.0,236501.52009046168
2023-01-02,36939.87975951904,482.5357537207614,104.45931108982275,1,100.0,249252.01712102
2023-01-03,37038.07615230461,457.4077888802287,114.6870466583899,1,100.0,279633.97106966143
2023-01-04,37136.272545090185,138.1060106551834,104.75200355183227,0,92.77805346402786,230585.27643756816
2023-01-05,37234.468937875754,81.21258539382445,122.74106864082022,0,71.68937042784077,215912.7186076712
2023-01-06,37332.66533066132,95.350100619842,112.12590814167899,0,87.77646601766348,236485.81042968563
2023-01-07,37430.8617234469,58.19982154319737,110.6636595763902,0,100.0,217160.9772101475
2023-01-08,37529.05811623247,92.49933234016777,105.52785037765103,0,89.4587981169764,206175.27696167325
2023-01-09,37627.254509018036,357.35304803736057,113.40134899624334,1,100.0,260514.75169781546
2023-01-10,37725.45090180361,82.03489180710304,107.1017707886508,0,75.60184152898451,219303.9009394425
2023-01-11,37823.64729458918,193.5390336321926,110.67016931370776,0,93.19028928282448,235020.1965091337
2023-01-12,37921.84368737475,430.19388993625455,122.94070325246621,0,100.0,287661.95588580496
2023-01-13,38020.040080160325,60.472371081121636,109.74014138314027,1,82.87008614054983,204654.36131491567
2023-01-14,38118.23647294589,416.5108171650211,116.04696783383318,0,100.0,275512.78983131185
2023-01-15,38216.43286573147,176.83464864802997,106.86487939741666,1,100.0,214794.01388990003
2023-01-16,38314.62925851704,103.17417242974531,110.28597939120256,0,79.20283767360421,220436.41778846993
2023-01-17,38412.825651302606,363.5317244138678,119.3950853425062,0,100.0,260917.83171819497
2023-01-18,38511.02204408818,333.0242810509478,107.48640719603111,0,100.0,246362.3050379961
2023-01-19,38609.21843687375,444.86240608717384,119.76364559559588,0,100.0,295376.9843529607
2023-01-20,38707.41482965932,380.7819697117486,114.32032280352989,0,100.0,279119.2565403832
2023-01-21,38805.611222444895,411.5664186731819,108.04938956742245,0,100.0,272889.76163358375
2023-01-22,38903.807615230464,176.9155576570879,114.10392246281268,0,89.5829806536054,226977.64750272623
2023-01-23,39002.00400801603,129.84779470087528,115.88481633631001,1,80.40900088094136,229702.91106453334
2023-01-24,39100.20040080161,387.7766382383862,114.21125421990362,0,100.0,282259.2279574574
2023-01-25,39198.39679358718,413.0756326702688,103.33124113000665,1,100.0,264705.7471509139
2023-01-26,39296.593186372746,495.727313900303,107.62683917097586,0,100.0,303420.7146217701
2023-01-27,39394.78957915832,235.6779546101419,110.10509219298396,0,100.0,247876.93772634477
2023-01-28,39492.98597194389,217.40813860675243,111.05067854588253,0,98.5423386281268,244314.85543165542
2023-01-29,39591.18236472946,399.3858323338986,114.60636649977744,0,100.0,270401.03261966084
2023-01-30,39689.378757515035,203.36159311385802,112.4716713373316,0,91.98473029508557,243534.76624602074
2023-01-31,39787.5751503006,468.84079652160415,104.98660485975611,0,100.0,273256.96384994284
2023-02-01,39885.77154308617,436.2857383293553,113.64447622897771,0,100.0,285882.8526029823
2023-02-02,39983.96793587175,243.04731231875826,114.87657602100829,0,100.0,260860.61587644723
2023-02-03,40082.164328657316,387.8919805061738,114.70275985488566,0,100.0,265232.07314737554
2023-02-04,40180.360721442885,389.5442933381071,117.38787156364485,1,100.0,262958.08783239033
2023-02-05,40278.55711422846,96.40574097616968,116.23373902925753,1,87.74018374760202,213028.93923022118
2023-02-06,40376.75350701403,456.148808005805,114.44018897329649,1,100.0,288884.30721082777
2023-02-07,40474.949899799605,277.3635676015357,111.87362034050234,1,100.0,243631.86416849296
2023-02-08,40573.146292585174,421.90585974848375,103.99980455085691,0,100.0,247189.6433150676
2023-02-09,40671.34268537074,194.0223204637753,114.53286063474108,0,77.28361293308247,249200.3514630439
2023-02-10,40769.53907815632,452.9854528232902,113.50336829553498,1,100.0,308305.0290887472
2023-02-11,40867.73547094189,225.1407554303734,113.90298436633758,0,88.27450401853588,249782.72724284936
2023-02-12,40965.931863727455,54.87694316613426,106.24150762190045,0,82.82117102426928,225272.78650065567
2023-02-13,41064.12825651303,457.42188938866866,107.30012811960196,0,100.0,279392.0257546605
2023-02-14,41162.3246492986,91.0790045537601,118.05133540894909,0,94.9934331530832,233630.1011833482
2023-02-15,41260.52104208417,193.69113691568668,112.66795569364258,0,83.3878701727312,254063.69366608368
2023-02-16,41358.717434869744,477.5278851728622,116.35339527043025,1,100.0,288476.62619164743
2023-02-17,41456.91382765531,477.77321612190025,113.16764398486072,0,100.0,291149.83411300305
2023-02-18,41555.11022044088,308.04704965547876,113.25499312232843,0,97.17296491961977,266566.8041837126
2023-02-19,41653.30661322646,334.32674547640966,117.87779177537098,1,100.0,265479.1655934681
2023-02-20,41751.503006012026,251.8004848902439,110.6863094250454,0,98.56022671105829,262755.56316897727
2023-02-21,41849.699398797595,181.94484726412904,113.82729727147847,0,100.0,243993.6752911377
2023-02-22,41947.89579158317,197.89904541646217,111.11547726388963,0,99.98138231580374,238112.62196038844
2023-02-23,42046.09218436874,352.63330523466726,111.33453289089454,1,100.0,274709.8575727205
2023-02-24,42144.28857715431,388.568538246956,112.04131373135421,1,100.0,266702.636093373
2023-02-25,42242.484969939884,406.21056967663185,114.77800352750725,0,100.0,281597.61297754303
2023-02-26,42340.68136272545,405.32816425754925,111.35375188166257,1,100.0,277913.4899606665
2023-02-27,42438.87775551103,91.04274637191067,120.10643593848884,0,96.30185405867289,250718.99794136878
2023-02-28,42537.0741482966,272.48913711616166,109.434779120165,1,94.31618413290454,261397.8173871303
2023-03-01,42635.270541082165,75.90144200748992,113.053617731097,1,78.02578043256891,230776.74079747446
2023-03-02,42733.46693386774,297.287997045681,111.86948098117422,1,100.0,271474.01086469856
2023-03-03,42831.66332665331,248.68872561801965,121.38318601495504,0,100.0,279667.7286644644
2023-03-04,42929.85971943888,449.4668822412349,115.21123079638554,1,100.0,295534.0154946866
2023-03-05,43028.056112224454,207.91175564843542,119.4678399318121,1,97.660595259612,258328.26975807236
2023-03-06,43126.25250501002,102.68015739242264,106.96097568992535,0,90.2609297934758,217060.26823781224
2023-03-07,43224.44889779559,114.34625692377614,115.80418920509779,1,78.93054835268043,230366.11335739944
2023-03-08,43322.64529058117,392.6797842728625,118.99725217450997,0,100.0,283153.5859983456
2023-03-09,43420.841683366736,328.1981284923175,115.04067846341118,1,100.0,266727.37992408284
2023-03-10,43519.038076152305,95.50520425525562,120.0368207130021,0,85.02961709719476,241290.48351181674
2023-03-11,43617.23446893788,87.84806275174884,112.20313690781477,1,84.08438479757987,234989.93174189288
2023-03-12,43715.43086172345,365.436109156604,121.9164766798858,0,100.0,291317.39775125234
2023-03-13,43813.62725450902,82.74335286388708,126.44439041769544,0,83.90713792598275,247684.97370296012
2023-03-14,43911.823647294594,419.8370266806603,113.21586731804219,0,100.0,290835.9968766397
2023-03-15,44010.02004008016,367.8090022204233,112.8827078338779,0,100.0,278723.852415243
2023-03-16,44108.21643286573,86.6069512888549,122.45730314711155,0,86.19043812142553,225964.2212590654
2023-03-17,44206.41282565131,88.17697133833636,123.1684018108179,0,85.23429561362141,237517.6256375091
2023-03-18,44304.609218436875,493.9878103255289,112.73640126703927,0,100.0,296155.2203047446
2023-03-19,44402.80561122245,218.42185809025415,113.32992763796761,0,100.0,245003.2729511508
2023-03-20,44501.00200400802,216.7889661801009,114.10209899978564,0,99.86665488582906,263872.23623678286
2023-03-21,44599.19839679359,415.75980526587614,108.86892980955808,1,100.0,298038.40491486044
2023-03-22,44697.394789579164,476.2618598227364,111.07808295294976,0,100.0,306448.4674172813
2023-03-23,44795.59118236473,493.7004787202919,110.7307991722517,1,100.0,294640.42022690526
2023-03-24,44893.7875751503,389.0201833665237,111.99267550113267,1,100.0,297487.4333124865
2023-03-25,44991.98396793588,219.3168134889121,115.7383992103607,0,83.26628183528504,262602.5557255583
2023-03-26,45090.180360721446,87.57532251440094,117.16305763061848,0,98.83266914980932,239653.94719840185
2023-03-27,45188.376753507015,399.7161121673466,123.82464675264754,1,100.0,290618.97882610763
2023-03-28,45286.57314629259,301.2819123811123,111.16053440552447,0,100.0,266544.55726354156
2023-03-29,45384.76953907816,240.89990416113932,121.15407692224264,0,84.38895223899559,266869.21820869663
2023-03-30,45482.96593186373,457.8594732926312,115.24268102937346,0,100.0,299333.17907668237
2023-03-31,45581.1623246493,100.03886703776811,116.14546702288011,1,77.892167410969,246709.94270066722
2023-04-01,45679.35871743487,271.6812969308866,119.84704335261658,0,100.0,274828.0948873709
2023-04-02,45777.55511022044,55.10914014533858,110.93949610461335,0,85.6536446928982,238019.13659942878
2023-04-03,45875.75150300602,260.8972888973568,118.54531526398638,1,96.55033469576924,284275.75010396837
2023-04-04,45973.947895791585,75.3364740568268,117.54568789477268,1,83.46328427641488,253276.5700971889
2023-04-05,46072.144288577154,103.46806232063236,119.25584349438944,0,97.20999080163025,235107.43387942814
2023-04-06,46170.34068136273,102.8868110496972,118.31959071452906,0,91.34762563612207,223639.2527263709
2023-04-07,46268.5370741483,342.1446359522286,129.23040851518573,1,100.0,305566.6457057835
2023-04-08,46366.733466933874,385.7201956694405,113.84536821501595,0,100.0,273951.4442486125
2023-04-09,46464.92985971944,312.5159442937218,114.45924368190474,0,95.60917831226166,275251.30595633475
2023-04-10,46563.12625250501,482.97764681354386,114.07868614543128,0,100.0,291232.0185381317
2023-04-11,46661.32264529059,218.69176078566682,114.49716350239511,1,100.0,245934.42985767138
2023-04-12,46759.519038076156,178.57043882683732,114.16777378230509,0,88.86920339945246,263266.76448356896
2023-04-13,46857.715430861725,440.8696076852571,123.37995239501672,1,100.0,314246.23372798605
2023-04-14,46955.9118236473,150.6181273337537,124.61755130006951,1,93.17060882560504,258834.9459519836
2023-04-15,47054.10821643287,483.4501427482751,114.74145891201414,0,100.0,278983.82794388843
2023-04-16,47152.30460921844,55.46951361041735,113.51357283588166,0,84.27146015726639,234252.31691796554
2023-04-17,47250.50100200401,486.44547201843756,120.11258880397611,0,100.0,315123.7021657772
2023-04-18,47348.69739478958,69.42196037775925,115.07455612128052,0,72.43043913726034,229070.47797717707
2023-04-19,47446.89378757515,451.014401164132,121.08049075210421,0,100.0,309183.4845934534
2023-04-20,47545.09018036073,287.4654990888349,119.01060708822443,1,96.22261546475231,280840.05891072156
2023-04-21,47643.286573146295,496.83415825368513,110.49743172962306,0,100.0,309923.68689655245
2023-04-22,47741.482965931864,83.20845413092948,125.89383863190082,1,97.18971931406595,258924.61785051145
2023-04-23,47839.67935871744,299.2344279805943,127.2158613113694,0,100.0,281969.5344964366
2023-04-24,47937.87575150301,486.18614102859453,115.25268981411114,0,100.0,319991.0153638028
2023-04-25,48036.07214428858,285.39402987656695,116.45828578749443,0,100.0,277772.2748994312
2023-04-26,48134.26853707415,333.22938716086816,119.90628086144015,0,100.0,289953.31488315645
2023-04-27,48232.46492985972,363.08691004307775,120.22939817839203,1,100.0,285940.917418771
2023-04-28,48330.6613226453,254.54347914549794,121.92999591246235,0,100.0,276505.34857898514
2023-04-29,48428.857715430866,332.40113603782856,128.76845756357122,0,100.0,290852.7451175537
2023-04-30,48527.054108216435,312.9414403653951,117.91285905291052,0,100.0,284442.24977902666
2023-05-01,48625.25050100201,455.52110472094506,114.88626928832977,0,100.0,321894.6460504
2023-05-02,48723.44689378758,70.45087115365604,112.0613196915907,0,69.25921127530043,230718.5561697945
2023-05-03,48821.64328657315,176.43343531650365,115.383425952595,0,100.0,247766.93548773602
2023-05-04,48919.83967935872,477.6851678344514,118.9526016085769,1,100.0,327616.6792570775
2023-05-05,49018.03607214429,450.61870275091235,128.1711861111761,0,100.0,316215.84493265505
2023-05-06,49116.23246492986,255.0455387535708,116.6905006190476,1,100.0,271047.1852078087
2023-05-07,49214.42885771544,329.05966901069155,120.47765719306422,0,100.0,303271.72656291735
2023-05-08,49312.625250501005,174.8215323415097,119.35676327514726,0,90.72507244253485,262805.4008552576
2023-05-09,49410.821643286574,134.65452187569258,125.46100444339272,0,93.8069763624495,287446.33396843245
2023-05-10,49509.01803607215,258.664282222992,132.2338605261617,0,94.99396883367116,301585.30666318355
2023-05-11,49607.21442885772,209.00850261172377,117.02501485283327,0,90.04259897232052,267515.21223527915
2023-05-12,49705.41082164329,312.64525033289243,117.31232182548504,0,100.0,310045.7185621821
2023-05-13,49803.60721442886,84.98058663424317,125.0604837440628,0,77.01011831183776,256259.44054523803
2023-05-14,49901.80360721443,488.4776634497749,123.32929712749028,0,100.0,328776.4093830857
2023-05-15,50000.0,493.7948350158213,129.23353662868016,0,100.0,331295.68768511823
